;;;;;Type;Date;Date;;;;;;;;;;
N° mandant;Nom court mandant;Mandataire;Nom court mandataire;PM/PP;mandat;attribution;résiliation;Motif attribution mandat;Nom contact chez le mandataire;Prénom contact;Téléfon contact;Fax contact;N° CCP;N° compte bancaire;IBAN;BIC SWIFT;Nom institution financière
-----------;------------------------------;-----------;------------------------------;-----;------;-----------;-----------;----------------------------------------;------------------------------;--------------------;----------------;----------------;---------------;--------------------;----------------------------------------;------------;--------------------------------------------------
199;DIABLERETS IMMOBILIER;1821;OFISA;ENT;G;01.01.2010;31.12.2015;;Schneider;P.;021 341'81'11;;;;;;
205;TELEDIABLERETS;1821;OFISA;ENT;G;01.01.2006;31.12.2015;;Schneider;P.;021 341'81'11;;;;;;
314;MICHEL DEMOLITION;7625;KUNZLE FIDUCIAIRE & GERANCE;ENT;G;01.01.2010;31.12.2014;;;;;;;;;;
590;DOMAINE HENRI CRUCHON;31461;PELLEGRINI & FURRER;ENT;G;01.01.2011;31.12.2014;;;;022 990'93'93;;;;;;
880;CHEMENIN C;36784;GERAMA;ENT;G;01.01.2013;31.12.2014;;;;;;;;;;
881;GARAGE BROYE;26416;ROCHAT FIDUCIAIRE;ENT;G;01.01.1995;31.12.2014;;;;026 409'77'44;;;;-;-;-
895;CHEMENIN;36784;GERAMA;ENT;G;01.01.2013;31.12.2014;;;;;;;;;;
958;GRAND VUE MONTREUX;17463;FIDUGO;ETA;G;01.01.2008;31.12.2014;;;;;;;;;;-
958;GRAND VUE MONTREUX;2069;BFF & ASSOCIES;ENT;G;01.01.2015;;;;;;;;;;;
1264;FIDUCIAIRE REGIE BELLE RIVE;37793;FIDUCIAIRE TUCKER;ENT;G;01.01.2015;;;;;;;;;;;
1310;AIR SOLEIL C;9932;GERINVEX;ENT;T;16.11.2015;03.10.2016;;;;;;;;CH92 0900 0000 1219 3117 6;;PostFinance AG
1569;FAUCON MARTEREY LANGALLERIE F;38142;GOLAY IMMOBILIER;ENT;T;15.07.2011;03.10.2016;;;;;;;.;CH16 0900 0000 1000 0918 6;;PostFinance AG
1679;AQUA RELAX;36487;SETELCO FIDUCIAIRE & GESTION;ENT;G;01.01.2014;31.12.2014;;;;;;;;;;
1718;ALICA;39371;REGIE DUBOUX;ENT;T;01.04.2014;03.10.2016;;;;;;;;CH520024324346553906H;;UBS SA
1794;1 H CLEAN LEMANIA;67424;HBC FIDUCIAIRE;ENT;G;01.01.2014;31.12.2014;;;;;;;;;;
2095;MULTIBAT;17171;MAFIDU COM VERONIQUE DELESSERT;ETA;G;01.01.2014;31.12.2014;;;;021 905'20'20;;;;;;
2194;BAOU;11710;MULTIFIDUCIAIRE FRIBOURG;ENT;G;01.01.2015;;;;;;;;;;;
2255;SILVER INTERNATIONAL;61395;DIDEO FIDUCIAIRE;ENT;G;01.01.2015;;;;;;;;;;;
2561;REALCOM;11258;FIDEURO;ENT;G;01.01.2006;;;;;021 311'50'00;;;;;;
2580;DEVINETAZ G;33166;MICROGEST;ENT;G;01.01.2015;;;;;;;;;;;
2586;DSK VALORIS;9;FIDOC & PARTENAIRES FIDUCIAIRE;ENT;G;01.01.2012;31.12.2014;;;;021 866'65'67;;;;;;
2725;ALPI CONCEPT;64829;PRATEO;ENT;G;01.01.2010;;;;;021 721'08'60;;;;;;
3463;PORCHET;48034;FIDULEM SA;ENT;G;01.01.2015;;;;;;;;;;;
3608;PETTMANN & RUCHAT ART;9440;MOORE STEPHENS REFIDAR NYON;ETA;G;01.01.2015;;;;;;;;;;;
4066;PIERRIER DU LEMAN;21396;RIGOLET MONTREUX;ENT;T;30.03.2015;07.10.2016;;;;;;;;CH72 0076 7000 S520 5188 1;;Banque Cantonale Vaudoise
4169;AUTO LOCATION TAXIS TOURING;2710;CABINET FISCAL JF MEILLARD;ETA;G;01.01.2015;;;;;;;;;;;
4720;BELLEFONTAINE PARKING;17481;BDO EPALINGES;ETA;G;01.01.2015;;;;;;;;;;;
4738;MANOIR;1905;FIDUCIAIRE TURRIAN;ENT;G;01.01.2010;31.12.2014;;;DC;024 496'31'71;;;;;;
4786;CARROSSERIE MEDINA;2083;FIDUROLLE;ENT;G;01.01.2015;;;;;;;;;;;
4928;GLYCINES;17292;COMMERCIALIS;ENT;T;13.02.2015;03.10.2016;;;;;;;;CH61 0868 6001 0866 6200 1;;BNP Paribas (Suisse) SA
4930;PARKING GARE LAUSANNE;17481;BDO EPALINGES;ETA;G;01.01.2015;;;;;;;;;;;
5431;AVENUE MAYOR VAUTIER;17481;BDO EPALINGES;ETA;G;01.01.2012;31.12.2014;;;;;;;;;;
5464;CBS BIOTECHNIC;215;FIDUCIAIRE MICHEL FAVRE;ENT;G;01.01.2015;;;;;;;;;;;
5633;OK LOGEMENTS;737769;Georges Ciocco;IND;G;01.01.2014;31.12.2014;;;;;;;;;;
5633;OK LOGEMENTS;63157;BS FIDUCIAIRE;ENT;G;01.01.2015;;;;;;;;;;;
5807;CERCLE OUVRIER YVERDON;511;FIDUCIAIRE JAQUES;ENT;G;01.01.2002;31.12.2014;;;;024 454'21'42;;;;-;-;-
5908;HUCHETTE;17481;BDO EPALINGES;ETA;G;01.01.2011;31.12.2014;;;;;;;;;;
6014;VOYAGES ZAHLER REMY;23;HERVEST FIDUCIAIRE;ENT;G;01.01.2013;31.12.2014;;;;021 213'80'00;;;;;;
6283;IMPRIMERIE MAGNENAT;51599;FIDUCIAIRE FAVRE REVISION;ENT;G;01.01.2010;31.12.2014;;;;021 651'33'00;;;;;;
6299;TUQUET;33236;ALPES AUDIT;ENT;G;01.01.2015;;;;;;;;;;;
6306;CHEMIN VINET 12;10328;PBBG GERANCE & GESTIONS;ENT;G;11.05.1993;31.12.2015;;;;021 345'36'36;021 323'67'60;;;;;
6517;PULSION AGENCE COMMUNICATION;25781;ACF AUDIT CONSEIL FIDUCIAIRE;ENT;G;01.01.2001;31.12.2014;;;;021 311'44'40;021 311'27'10;;;-;-;-
6517;PULSION AGENCE COMMUNICATION;52666;FIDULAVAUX;ENT;G;01.01.2015;;;;;;;;;;;
6633;JOSEPH MENETREY;14790;MAZARS LAUSANNE;ETA;G;01.01.2013;31.12.2014;;;;;;;;;;
6692;BAT TECHNIQUE CVSE;59286;JC FIDUCIAIRE;ENT;G;01.01.2014;31.12.2014;;;;;;;;;;
6692;BAT TECHNIQUE CVSE;24418;CARACAS CONSULTING;ETA;G;01.01.2015;;;;;;;;;;;
6729;GARAGE ROUVRAIE;69381;TDS FIDUCIAIRE;ENT;G;01.01.2014;31.12.2014;;;;;;;;;;
7562;TRINOX;37158;BAKER & NORTON FIDUCIAIRE;ENT;G;01.01.2015;31.12.2015;;;;024 472'43'40;;;;;;
7796;FROMAGERIE GRANCY;27156;FIPROM;ENT;G;01.01.2015;;;;;;;;;;;
7874;PARC ENTREMONTS;50210;INTEREXPERTS;ENT;G;01.01.2014;31.12.2014;;;;;;;;;;
7944;ELNOX;10;FIDUCIAIRE AUDITORIA;ENT;G;01.01.2012;31.12.2014;;;;;;;;;;
7969;INTERTERRA PARKING;17481;BDO EPALINGES;ETA;G;01.01.2015;;;;;;;;;;;
8517;PRO ASSET MANAGEMENT;1952;BURKHALTER & PARTENAIRES;ENT;G;01.01.2014;31.12.2014;;;;021 728'88'01;;;;;;
8591;GS SERVICES;47;FIDUCIAIRE DUFAUX & MURY;ENT;S;01.01.2015;;;;;;;;;;;
8838;ARBIO;38614;FIDEBI SOCIETE FIDUCIAIRE;ENT;G;01.01.2015;;;;;;;;;;;
9128;ELECTRO INSTALLATIONS;2906;FIDUCIAIRE GERANCE RIDOUX;ENT;G;01.01.2013;31.12.2014;;;;026 660'18'38;;;;;;
9209;HABITATION CHAVANNES;583;FIDUCIAIRE AVONDO;ENT;G;01.01.2014;31.12.2014;;;;;;;;;;
9227;CROIX DE PLAN BUSSIGNY;21716;MAUS FRERES SA GENEVE;ENT;T;09.04.2001;03.10.2016;;;;;;;240-C0016817.0;-;-;UBS SA
9372;HABITATION MORGES;6;FIDUCIAIRE HORISBERGER;ENT;G;01.01.2014;31.12.2014;;;;;;;;;;
9591;RUWILL;19816;PROGRESSIA FIDUCIAIRE;ENT;G;01.01.2015;;;;;;;;;;;
9609;GRANDCHAMP SERVICES;16608;DELESSERT JESSICA;ETA;G;01.01.2011;31.12.2014;;;;;;;;;;
9609;GRANDCHAMP SERVICES;1960;FIDINTER;ENT;G;01.01.2015;;;;;;;;;;;
10154;ANIMAN PUBLICATIONS;30255;TRIADE;ENT;G;01.01.2009;31.12.2014;;;;022 909'69'60;;;;;;
10404;COMPASS GROUP SUISSE;426;DELOITTE;ENT;G;01.10.2011;31.12.2014;;;;058 279'60'00;;;;;;
10977;DIAGEO SUISSE;12;DELOITTE LAUSANNE;ETA;G;01.07.2013;31.12.2015;;;;058 279'92'00;;;;;;
11233;GERHARD & MOLLIAT;16522;BAUDVEVEY.COM;ETA;G;01.01.2013;31.12.2014;;;;;;;;;;
11307;ILC HOTELS;13046;REVISIANA FIDUCIAIRE;ENT;G;01.01.2008;31.12.2014;;;;;;;;;;-
11346;AGP DIFFUSION;16839;NOFIVAL;ETA;G;01.01.2014;31.12.2014;;;;027 327'30'30;;;;;;
11366;ECOLE CAP;15742;VLBF BUREAU FIDUCIAIRE;ETA;G;01.07.2011;30.06.2015;;;;;;;;;;
11474;VAXEL;2063;BETTEX FRERES & PARTENAIRES;ENT;G;01.01.2015;;;;;;;;;;;
11962;UHLMANN;2;FIDALIS;ENT;G;01.01.2010;31.12.2014;;;;;;;;;;
12138;LOGIS FAMILIAL;19033;FIDUCIAIRE MANDASA;ENT;G;01.01.2005;31.12.2014;;;;058 234'91'10;;;;;;
12138;LOGIS FAMILIAL;522;FIREL BERNEY;ENT;G;01.01.2015;;;;;;;;;;;
12155;ROLAND FORNEY & FILS;1;FIDUCIAIRE STANLEY NICOLAS;ENT;G;01.01.2015;;;;;;;;;;;
12575;AMIDA;1108;FIDUCIAIRE INTERMANDAT;ENT;G;01.01.2012;31.12.2015;;;;021 340'69'10;;;;;;
12663;PARKING PULLY CENTRE;17481;BDO EPALINGES;ETA;G;01.01.2015;;;;;;;;;;;
12678;SODIA;23194;OBERSON & ASSOCIES;ETA;G;01.01.2013;31.12.2014;;;;;;;;;;
12678;SODIA;24565;OBERSON ABELS;ETA;G;01.01.2015;;;;;;;;;;;
12843;COMUNE RENE;11710;MULTIFIDUCIAIRE FRIBOURG;ENT;G;01.01.2015;;;;;;;;;;;
12919;PELOUSES E;10328;PBBG GERANCE & GESTIONS;ENT;G;01.01.2001;31.12.2015;;;;021 345'36'36;;;;;;
12991;AMICA TOURS;19963;MA FIDUCIA;ENT;G;01.01.2002;31.12.2014;;;;021 882'25'50;;;;-;-;-
12991;AMICA TOURS;73498;DFG FIDUCIAIRE;ENT;G;01.01.2015;;;;;;;;;;;
13189;SOCIETE COOP HABITATION UNIA;14988;ZIVAG VERWALTUNGEN;ENT;G;01.01.2015;;;;;;;;;;;
13206;A CARRE;16839;NOFIVAL;ETA;G;01.01.2014;31.12.2014;;;;027 327'30'30;;;;;;
13249;RAIFFEISEN ALPES VAUDOISES;17481;BDO EPALINGES;ETA;G;01.01.2015;31.12.2015;;;;;;;;;;
13399;LABORATOIRES BIOLIGO;33054;GUGGENHEIM REVISION;ENT;G;01.01.2014;31.12.2014;;;;;;;;;;
13889;GARAGE CHEVALLEY A & S;28168;FIDUCIAIRE PPC;ENT;G;01.01.2015;;;;;;;;;;;
14590;MULTI PERSONNEL SERVICE;107;FIDUCIAIRE TECAFIN;ENT;G;01.01.2015;;;;;;;;;;;
15282;XCL INFORMATIQUE;13993;FIDEXPERT COTE;ENT;G;01.01.2015;;;;;;;;;;;
15736;CHOLLET TORRES ARCHITECTES;39189;MCM FIDUCIAIRE;ENT;G;01.01.2014;31.12.2014;;;;021 311'12'80;;;;;;
15881;CLESTRA;22933;HEINZ SCHWEIZER;ETA;G;01.01.2013;31.12.2014;;;;061 713'94'62;;;;;;
15965;SATEC FINANCIERE & COMMERCIALE;25784;FIDUCIAIRE & COMPTABILITE;ENT;G;01.01.2011;31.12.2014;;;;;;;;;;
16156;MANTEX;59427;ST GALLER STEUEREXPERTEN;ENT;G;01.01.2014;30.11.2014;;;;;;;;;;
16263;LEMAN BELLEVUE;8919;FIDUCIOR;ENT;G;01.01.2014;31.12.2014;;;;;;;;;;
16370;VERNIS CLAESSENS;2172;AA FIDU NYON;ENT;G;01.01.2014;31.12.2014;;;;;;;;;;
17188;SAPJV AUTO TRANSPORTS JURA;215;FIDUCIAIRE MICHEL FAVRE;ENT;G;01.01.2015;;;;;;;;;;;
17205;BERTOLA & STRAUB;14393;FFJ FIDUCIAIRE FORMALITES LS;ETA;G;18.11.2005;31.12.2015;;;;021 617'66'61;;;;-;-;-
18094;MONNARD;24254;MGI GROUP FIDUCIAIRE;ETA;G;01.01.2015;;;;;;;;;;;
18382;ENTREPRISE ROCH;18426;ESPACE COMPTA YOLANDE ZUFFEREY;ETA;G;01.01.2009;31.12.2014;;;;076 387'31'51;;;;;;
18382;ENTREPRISE ROCH;47;FIDUCIAIRE DUFAUX & MURY;ENT;G;01.01.2015;;;;;;;;;;;
19616;SCHMID PARTENAIRES MANAGEMENT;1821;OFISA;ENT;G;01.01.2015;;;;;;;;;;;
19826;ZOFINGUE SECTION VAUDOISE;1259;FIDUCIAIRE JEAN CLAUDE MUGNY;ETA;G;01.01.2001;31.12.2014;;;;021 312'95'74;;;;-;-;-
19895;PALICA IMMOBILIERE;2710;CABINET FISCAL JF MEILLARD;ETA;G;15.03.1996;31.12.2014;;;;021 731'46'65;;;;;;
19895;PALICA IMMOBILIERE;52209;FM BUREAU COMPTABLE;ENT;G;01.01.2015;;;;;;;;;;;
20194;FRANCOIS MERCIER;73498;DFG FIDUCIAIRE;ENT;G;01.01.2015;;;;;;;;;;;
20269;ATELIER 94 ARCHITECTURE;4419;;ETA;G;01.01.2015;;;;;;;;;;;
20589;HOPITAL SUISSE PARIS;1108;FIDUCIAIRE INTERMANDAT;ENT;G;01.01.2015;;;;;;;;;;;
21389;IDEES NEUVES;21164;PASCALE SAUSER BUREAU COMPTA;ETA;G;01.01.2015;;;;;;;;;;;
21971;AMAUDRUZ;14790;MAZARS LAUSANNE;ETA;G;01.01.2010;31.12.2014;;;;;;;;;;
22834;INTERLANGUES JANIN;49198;LEMAN CABINET FISCAL;ENT;G;01.01.2015;;;;;;;;;;;
23094;CAFE RESTAURANT CHATEAU;62;SOFIDEST FIDUCIAIRE;ENT;G;01.01.2012;31.12.2014;;;;;;;;;;
23747;VIVERE;215;FIDUCIAIRE MICHEL FAVRE;ENT;G;01.01.2014;31.12.2014;;;;021 651'33'00;;;;;;
24352;PMS PARKING MANAGEMENT SERVICE;39505;FIDUCIAIRE MIEVILLE;ENT;G;01.01.2015;;;;;;;;;;;
26978;KOLLER CH & J M;53056;EFFI & CEANS ETUDE FISCALE;ENT;G;01.01.2012;31.12.2014;;;;026 664'01'45;;;;;;
26978;KOLLER CH & J M;24922;UNIQUE COCOON;ETA;G;01.01.2015;;;;;;;;;;;
27333;PROMETERRE METIERS TERRE;27156;FIPROM;ENT;G;01.01.2011;31.12.2014;;;;;;;;;;
27479;ATELIER TRAVAIL THEATRAL 2;9;FIDOC & PARTENAIRES FIDUCIAIRE;ENT;G;01.01.2015;;;;;;;;;;;
27603;GARAGE CORNICHE DELESSERT M;35243;F ALTITUDE;ENT;G;01.01.2013;31.12.2014;;;;;;;;;;
27603;GARAGE CORNICHE DELESSERT M;70554;PSI GERANCE COURTAGE;ENT;G;01.01.2015;;;;;;;;;;;
27784;AUTO ELECTRO PAPAUX OLIVIER;21397;MARC MICHAUD;ETA;G;01.01.2013;;;;;;;;;;;
28215;ATT 2 FILATURE;9;FIDOC & PARTENAIRES FIDUCIAIRE;ENT;G;01.01.2015;;;;;;;;;;;
28238;IMETAL;7554;SCF REVISION FRIBOURG;ETA;G;01.01.2015;;;;;;;;;;;
28635;GEDOR;28263;FIDUFISC CONSEILS;ENT;G;01.10.2011;31.12.2014;;;;021 654'37'37;;;;;;
29191;PROTEC ETUDES REALISATIONS;19963;MA FIDUCIA;ENT;G;01.01.2014;31.12.2014;;;;;;;;;;
29238;MPH ARCHITECTES;17452;PROFIDUCIA CONSEILS;ETA;G;01.01.2012;31.12.2014;;;;;;;;;;
29500;ZALI;583;FIDUCIAIRE AVONDO;ENT;G;01.01.2014;31.12.2014;;;;;;;;;;
29628;FATEM;19962;BERNEY TEMKO;ENT;G;01.01.2013;31.12.2014;;;;;;;;;;
29628;FATEM;22336;FIDUCIAIRE LAMBELET FIDAL;ETA;G;01.01.2015;;;;;;;;;;;
29727;PARAGON RESORT;2069;BFF & ASSOCIES;ENT;G;01.05.2014;;;;;;;;;;;
29752;STARWAY;38481;COMPTA FISC SYNERGIE;ENT;G;01.01.2015;;;;;;;;;;;
29912;STS SAUTER TRAINING SIMULATION;57;KPMG LAUSANNE;ETA;G;01.01.2014;31.12.2014;;;;;;;;;;
30036;PINK BEACH;9474;FIDUCIAIRE MARCEL PECLARD;ETA;G;01.01.2015;;;;;;;;;;;
30213;ATELIER COPRA;69225;LM FIDUCIAIRE;ENT;G;01.01.2015;;;;;;;;;;;
30260;LOCATENTES;40335;FIDUCIAIRE BESSAUD;ENT;G;01.01.2015;;;;;;;;;;;
30291;PADI DISCOUNTER;52;FIDUCIAIRE SCHICK;ENT;G;01.01.2007;31.12.2014;;;;021 701'33'31;;;;-;-;-
30492;FINAN;38408;E GESTION;ENT;G;01.01.2011;31.12.2014;;;;;;;;;;
30515;TDA TRANSPORTS DENREES ALIMENT;27156;FIPROM;ENT;G;01.01.2014;31.12.2014;;;;;;;;;;
31232;JPB;583;FIDUCIAIRE AVONDO;ENT;G;01.01.2015;;;;;;;;;;;
31272;ALLERGAN MEDICAL;12;DELOITTE LAUSANNE;ETA;G;01.01.2009;31.12.2014;;;;058 279'92'00;;;;;;
31796;ROBSON;17171;MAFIDU COM VERONIQUE DELESSERT;ETA;G;01.01.2015;;;;;;;;;;;
32163;THIEBAUD SERVICES;7576;ERNST & YOUNG GENEVE;ETA;G;01.01.2014;31.12.2014;;;;;;;;;;
32163;THIEBAUD SERVICES;13765;EY ACCOUNTING SERVICES LSNNE;ETA;G;01.01.2015;;;;;;;;;;;
32198;PTI EUROPE;7062;ERNST & YOUNG LAUSANNE;ETA;G;01.01.2010;31.12.2014;;;;058 286'51'11;;;;;;
32310;STUDIOS PHD;13;FIDUCONSULT LAUSANNE;ENT;G;01.01.2012;31.12.2014;;;;;;;;;;
32311;DEFI TECHNIQUE;13;FIDUCONSULT LAUSANNE;ENT;G;01.01.2012;31.12.2014;;;;;;;;;;
33038;PROMOROCHE;9270;FIDEXPERT;ENT;G;01.01.2006;31.12.2014;;;;021 989'82'70;;;;;;
33665;JHA TEXTE & COMMUNICATION;1;FIDUCIAIRE STANLEY NICOLAS;ENT;G;01.01.2014;31.12.2014;;;;;;;;;;
33765;BOUTIQUE BAMBOU MODE ATELIER;19963;MA FIDUCIA;ENT;G;01.01.2014;31.12.2014;;;;021 886'32'80;;;;;;
33765;BOUTIQUE BAMBOU MODE ATELIER;73498;DFG FIDUCIAIRE;ENT;G;01.01.2015;;;;;;;;;;;
33983;XAXIS SWITZERLAND;12;DELOITTE LAUSANNE;ETA;G;01.01.2008;31.07.2016;;;;058 279'92'00;;;;;;
34333;SWISS WATCH TV;5002;DEMSON FIDUCIAIRE;ENT;G;01.01.2010;31.12.2014;;;;;;;;;;
34333;SWISS WATCH TV;69225;LM FIDUCIAIRE;ENT;G;01.01.2015;;;;;;;;;;;
34382;LERENOVATEUR;36487;SETELCO FIDUCIAIRE & GESTION;ENT;G;01.01.2002;31.12.2014;;;;;;;;-;-;-
34890;NOPSED;8494;ACTUA FIDUCIAIRE;ENT;G;01.01.2014;31.12.2014;;;;;;;;;;
34990;ECO CERT;19963;MA FIDUCIA;ENT;G;01.01.2008;31.12.2014;;;;021 886'32'80;;;;;;
34990;ECO CERT;73498;DFG FIDUCIAIRE;ENT;G;01.01.2015;;;;;;;;;;;
35129;PROPAGAZ;9934;ABC GESTION;ENT;G;01.06.2000;31.12.2014;;;;021 635'11'71;;;;-;-;-
36097;LUNG;31632;GFC CONSULT;ENT;G;01.01.2011;31.12.2015;;;;;;;;;;
36155;CAPESIDE;3330;DELOITTE MEYRIN    (ANCIEN);ETA;G;01.01.2013;21.03.2016;;;;058 279'80'00;;;;;;
36674;TOITURE CONCEPT;4469;FIDUCIAIRE STOUDMANN R & C;ENT;G;01.01.2014;31.12.2014;;;;;;;;;;
36763;BOULANGERIE PATISSERIE COURT;9052;SBC FIDUCIAIRE;ETA;G;01.01.2015;;;;;;;;;;;
36929;4 SAISONS JARDINIER PAYSAGISTE;47926;FGS FIDUCIAIRE SICURANZA;ENT;G;01.01.2013;31.12.2014;;;;;;;;;;
36949;AMIS ORCHESTRE SUISSE ROMANDE;13128;MSJ FIDUCIAIRE MICHEL JACCOUD;ETA;G;01.01.2015;;;;;;;;;;;
36982;MONTREUX VEVEY TOURISME;58017;ILEX FIDUCIAIRE;ENT;G;01.01.2015;;;;;;;;;;;
37115;AVANGARDE INVESTMENT;37962;LORALIE;ENT;G;01.01.2012;31.12.2014;;;;;;;;;;
37249;ANDRITZ HYDRO;3324;BDO;ETA;G;01.01.2012;;;;;;;;;;;
37743;BATI METALLIQUE;2048;ALR FIDUCIAIRE;ENT;G;01.01.2015;;;;;;;;;;;
38239;MULTILEASE;57348;EMIL FREY;ENT;G;01.01.2015;;;;;;;;;;;
38398;POLYGLOTTE;36187;PRATEO CONSEIL;ENT;G;01.01.2010;31.12.2014;;;;021 721'08'60;;;;;;
38398;POLYGLOTTE;64829;PRATEO;ENT;G;01.01.2015;;;;;;;;;;;
38531;BEAU JARDIN;49845;C & S COMPTABILITE & SERVICES;ENT;G;01.01.2015;;;;;;;;;;;
38642;FONDATION CLAUDE LATOUR;73765;LO PATRIMONIA;ENT;G;01.01.2016;;;;;;;;;;;
38708;FINAVALOR;21872;;ETA;G;01.01.2014;31.12.2014;;;;;;;;;;
39636;WNG;25781;ACF AUDIT CONSEIL FIDUCIAIRE;ENT;G;01.01.2011;31.12.2014;;;;021 311'44'40;;;;;;
39636;WNG;31590;FIDUCIAIRE FIDINTER;ENT;G;01.01.2015;;;;;;;;;;;
39732;PING SHENG;33592;GESTAVIA;ENT;G;01.01.2015;;;;;;;;;;;
40130;ARCHITECTURE NICOLE CHEVALLEY;36376;FIDUCIAIRE W WINKLER;ENT;G;01.01.2015;;;;;;;;;;;
40546;PROLAIT PLATE FORME LAITIERE;27156;FIPROM;ENT;G;01.01.2014;31.12.2014;;;;;;;;;;
40981;BEST INSPECTION & CONSULTING;9440;MOORE STEPHENS REFIDAR NYON;ETA;G;01.01.2011;31.12.2014;;;;;;;;;;
41612;JR INVEST;41953;FIDUCIAIRE PAUX;ENT;G;01.01.2014;31.12.2014;;;;;;;;;;
41612;JR INVEST;541438;Yves Paquier;IND;G;01.01.2015;;;;;;;;;;;
41655;CONFRERIE REFORMEE POLIEZ;24873;;ETA;G;01.01.2015;;;;;;;;;;;
41672;INTERNAT MASTERS GAMES IMGA;17481;BDO EPALINGES;ETA;G;01.01.2015;;;;;;;;;;;
41817;SBD CONSULT;12281;FIDEXAUDIT;ENT;G;01.01.2014;08.12.2015;;;;021 331'02'02;;;;;;
41829;TUBOTEC;38197;ARCADE;ENT;G;01.01.2015;;;;;;;;;;;
41919;7 PLUS;7475;FIDUCIAIRE SIMPLON;ENT;G;01.01.2015;;;;;;;;;;;
41983;MFM MIRANTE FUND MANAGEMENT;12252;T&CO AVOCATS;ENT;G;01.01.2014;31.12.2014;;;;;;;;;;
42145;MARILENE BARALDINI;7576;ERNST & YOUNG GENEVE;ETA;G;01.01.2015;;;;;;;;;;;
42188;TUPPERWARE INTERNATIONAL;6764;PRICEWATERHOUSECOOPERS PULLY;ETA;G;01.01.2004;31.12.2014;;;;;;;;-;-;-
42257;TAWAN THAI;4633;GASTROCONSULT PULLY;ETA;G;01.01.2007;31.12.2014;;;;021 721'08'08;;;;;;
42317;ESPACE RESSOURCES;71009;FIDUSAV;ENT;G;01.01.2015;;;;;;;;;;;
42337;BONNES AUTOMOBILES;8;FIDUCIAIRE SOFIDOR;ENT;G;01.01.2015;;;;;;;;;;;
42338;GASTROGEL;28127;FIDASSIST;ENT;G;01.01.2011;31.12.2014;;;;;;;;;;
42416;CHAILLOT BOUCHONS;51599;FIDUCIAIRE FAVRE REVISION;ENT;G;01.12.2014;;;;;;;;;;;
42564;LOUIS DELHAIZE INTERNATIONAL;9158;ETUDE OBERSON AVOCATS;ETA;G;01.01.2006;31.12.2014;;;;;;;;-;-;-
42564;LOUIS DELHAIZE INTERNATIONAL;74281;OBERSON ABELS;ENT;G;01.01.2015;;;;;;;;;;;
42646;VALDEISSY;37962;LORALIE;ENT;G;01.01.2012;31.12.2014;;;;;;;;;;
42731;DIKA;8494;ACTUA FIDUCIAIRE;ENT;G;01.01.2013;31.12.2014;;;;;;;;;;
42816;SWISSPOWERCONTROL;70097;JFFIDUCIAIRE LAUSANNE;ENT;G;01.01.2015;;;;;;;;;;;
42840;CLAVEL CARROSSERIE OULENS;2936;;ETA;G;01.01.2004;31.12.2014;;;;021 881'22'02;;;;-;-;-
42840;CLAVEL CARROSSERIE OULENS;45787;FIDUREV;ENT;G;01.01.2015;;;;;;;;;;;
43055;ARGOT LAB;48034;FIDULEM SA;ENT;G;01.01.2015;;;;;;;;;;;
43187;LEMAN TOITURES;1;FIDUCIAIRE STANLEY NICOLAS;ENT;G;01.01.2015;;;;;;;;;;;
43275;FORUM EPFL ASSOCIATION;45872;CV CONSULTING;ENT;G;01.01.2012;31.12.2014;;;;;;;;;;
43289;CENTRE DUPONT;19962;BERNEY TEMKO;ENT;G;01.01.2014;31.12.2014;;;;;;;;;;
43289;CENTRE DUPONT;522;FIREL BERNEY;ENT;G;01.01.2015;;;;;;;;;;;
43404;AXEVA PARTNERS;54;MULTIFIDUCIAIRE LEMAN;ENT;G;01.01.2006;31.12.2015;;;SM;021'966'80'00;;;;;;
43474;IMMOSTYLE;45787;FIDUREV;ENT;G;01.01.2008;31.12.2014;;;;021 886'31'20;;;;;;
43700;GEROFINANCE INVESTISSEMENTS;24928;PIERRE GABUS AVOCATS;ETA;G;01.01.2015;;;;;;;;;;;
43740;CHRISTOPH DUFAUX;511;FIDUCIAIRE JAQUES;ENT;G;01.01.2012;31.12.2014;;;;024 455'24'24;;;;;;
43789;BOULANGERIE CAFE GLYCINE;47;FIDUCIAIRE DUFAUX & MURY;ENT;G;01.01.2015;;;;;;;;;;;
43837;SAT;2071;FIDACEB FIDUCIAIRE;ENT;G;01.01.2010;31.12.2014;;;;024 424'15'50;;;;;;
43857;TENNIS CLUB GLAND;9738;FIDUCIAIRE HELLER;ENT;G;01.01.2014;31.12.2014;;;;022 994'77'00;;;;;;
43919;COIFFURE SALLAZ;41867;FIDAGEST;ENT;G;01.01.2015;;;;;;;;;;;
44064;REPSOLD;2658;Ernest Riesen;ETA;G;01.01.2014;31.12.2014;;;;;;;;;;
44064;REPSOLD;28168;FIDUCIAIRE PPC;ENT;G;01.01.2015;;;;;;;;;;;
44601;SIAG IMMOBILIERE;17452;PROFIDUCIA CONSEILS;ETA;G;01.01.2015;;;;;;;;;;;
44785;COMEVIL;31590;FIDUCIAIRE FIDINTER;ENT;G;01.01.2015;;;;;;;;;;;
44788;FAVRE ROCHEX DESIGNCONSULTING;28168;FIDUCIAIRE PPC;ENT;G;01.01.2015;;;;;;;;;;;
44800;SUBOENO;51599;FIDUCIAIRE FAVRE REVISION;ENT;G;01.01.2015;;;;;;;;;;;
45168;SKIN PACKING DISTRIBUTION;15782;MT METZGER TREUHAND;ETA;G;14.04.2005;31.12.2015;;;;021 729'74'45;;;;;;
45271;GONDOLA VENEZIANA;38413;FIDUCIAIRE ANTONIADIS;ENT;G;01.01.2010;31.12.2014;;;;021 961'11'46;;;;;;
45348;VETERINAIRE GRANGE NEUVE;40634;FID TAX;ENT;G;01.01.2014;31.12.2014;;;;;;;;;;
45979;RD BAT;3;FIDUCIAIRE SOFIGER;ENT;G;01.01.2010;31.12.2014;;;;022 364'13'17;;;;;;
45999;USER PERFORMANCE;28168;FIDUCIAIRE PPC;ENT;G;01.01.2015;;;;;;;;;;;
46032;JAQUES OLIVIER;39189;MCM FIDUCIAIRE;ENT;G;01.01.2013;06.03.2015;;;;;;;;;;
46047;TRANSCHART;36187;PRATEO CONSEIL;ENT;G;13.09.2005;31.12.2014;;;;021 721'08'60;;;;;;
46047;TRANSCHART;64829;PRATEO;ENT;G;01.01.2015;;;;;;;;;;;
46326;SKI FIT;19963;MA FIDUCIA;ENT;G;01.01.2014;31.12.2014;;;;;;;;;;
46326;SKI FIT;73498;DFG FIDUCIAIRE;ENT;G;01.01.2015;;;;;;;;;;;
46444;KPM CONSULTING;67248;FIDUCIAIRE GENERALE SFG;ENT;G;01.01.2013;31.12.2014;;;;021 345'00'00;;;;;;
46458;COMMUNAUX;16839;NOFIVAL;ETA;G;01.01.2014;31.12.2014;;;;;;;;;;
46468;BATYMAR GROUP;31183;CF COMPAGNIE FIDUCIAIRE GESTIO;ENT;G;01.01.2015;;;;;;;;;;;
46926;GRIFFE AUSONI LAUSANNE;17481;BDO EPALINGES;ETA;G;01.01.2014;31.12.2014;;;;;;;;;;
46926;GRIFFE AUSONI LAUSANNE;52;FIDUCIAIRE SCHICK;ENT;G;01.01.2015;;;;;;;;;;;
46929;SWISS BELLEFONTAINE INTERNAT;14207;BERNEY ASSOCIES LAUSANNE;ETA;G;01.01.2010;31.12.2013;;;;058 234'91'00;;;;;;
46989;BRUNO DURST ATELIER MECANIQUE;44370;FIDUCIA PARTNER;ENT;G;01.01.2014;31.12.2014;;;;;;;;;;
46989;BRUNO DURST ATELIER MECANIQUE;24412;FIDUCIA PARTNER;ETA;G;01.01.2015;;;;;;;;;;;
47201;CALCAIRES CHAPPUIS;19573;FIDUCIAIRE VERMOT;ENT;G;01.01.2014;31.12.2014;;;;021 864'40'21;;;;;;
47454;ATELIER 7 BOIS;7475;FIDUCIAIRE SIMPLON;ENT;G;01.01.2015;;;;;;;;;;;
47587;GASTROMACHINES;49198;LEMAN CABINET FISCAL;ENT;G;01.01.2015;;;;;;;;;;;
47637;EMERGING POWER DEVELOPERS;7239;KPMG BASEL;ETA;G;01.01.2015;;;;;;;;;;;
47702;WESTCORE;49198;LEMAN CABINET FISCAL;ENT;G;01.01.2015;;;;;;;;;;;
47783;KOLOS DEMENAGEMENT TRANSPORT;41953;FIDUCIAIRE PAUX;ENT;G;01.01.2014;31.12.2014;;;;;;;;;;
47980;AGV TONI;7563;GOMEZ JUAN FIDUCIAIRE;ETA;G;01.01.2008;31.12.2014;;;;024 441'02'57;;;;;;
47980;AGV TONI;1821;OFISA;ENT;G;01.01.2015;;;;;;;;;;;
47982;NEKER INVESTISSEMENT;18711;CRF FIDUCIAIRE CONSEILS;ENT;G;01.01.2015;;;;;;;;;;;
48009;SWISS GLOBAL WEALTH SERVICES;215;FIDUCIAIRE MICHEL FAVRE;ENT;G;01.01.2014;31.12.2014;;;;;;;;;;
48063;BRE;1108;FIDUCIAIRE INTERMANDAT;ENT;G;01.01.2015;;;;;;;;;;;
48080;FONDATION PLATE FORME;12281;FIDEXAUDIT;ENT;G;01.01.2015;;;;;;;;;;;
48167;TECNOLOISIR;3;FIDUCIAIRE SOFIGER;ENT;G;01.01.2014;31.12.2014;;;;022 364'13'17;;;;;;
48818;INVERNEDI INVESTMENTS;17481;BDO EPALINGES;ETA;G;01.01.2008;31.12.2014;;;;021 310'23'81;;;;;;
48885;GLASWEGIAN PTE;17481;BDO EPALINGES;ETA;G;01.01.2008;31.12.2014;;;;021 310'23'81;;;;;;
48887;DORAL PTE;17481;BDO EPALINGES;ETA;G;01.01.2008;31.12.2014;;;;021 310'23'81;;;;;;
48976;ROMANDIEFLOR;32965;NOFIVAL VAUD;ENT;G;01.01.2015;;;;;;;;;;;
49122;HOMES OF PROSPERITY;60;FIDUCIAIRE DREYFUS & ZURBUCHEN;ENT;G;01.01.2015;;;;;;;;;;;
49251;GREEN PRO;7475;FIDUCIAIRE SIMPLON;ENT;G;01.01.2011;31.12.2014;;;;021 921'12'13;;;;;;
49339;OPTIMIS HCM;12665;EGC GESTION & CONSEILS;ETA;G;01.01.2008;31.12.2014;;;;021 648'10'34;;;;;;
49339;OPTIMIS HCM;2235;FIDEXPERT LAUSANNE;ENT;G;01.01.2015;;;;;;;;;;;
49639;EVELOS;37879;FIDUCIAIRE PROCOMPTEX;ENT;G;01.01.2015;;;;;;;;;;;
49647;HARAS PECCAU;17924;GESTIONSERVICES PME DUBI ERNES;ETA;G;01.01.2012;31.12.2014;;;;;;;;;;
49812;FONDATION JOUR JOIE;60652;VFM CONSEIL;ENT;G;01.01.2014;31.12.2014;;;;;;;;;;
49881;DIASTAR CORPORATION;215;FIDUCIAIRE MICHEL FAVRE;ENT;G;01.01.2015;;;;;;;;;;;
50005;GASTROEXPRESS;44370;FIDUCIA PARTNER;ENT;G;01.01.2013;31.12.2014;;;;;;;;;;
50314;MONOKINI;58728;HOTIUM;ENT;G;01.01.2014;31.12.2014;;;;;;;;;;
50407;PRODECOR VD;44370;FIDUCIA PARTNER;ENT;G;01.01.2011;31.12.2014;;;;;;;;;;
50407;PRODECOR VD;24412;FIDUCIA PARTNER;ETA;G;01.01.2015;;;;;;;;;;;
50453;LE VO CAFE;22202;FIDUCIAIRE LAGHNIMI;ETA;G;10.10.2013;31.12.2014;;;;;;;;;;
50453;LE VO CAFE;57633;EVCO CONSEILS;ENT;G;01.01.2015;;;;;;;;;;;
50473;GM CLOISONS;24519;ETUDE MORARD AVOCATS;ETA;G;01.01.2013;31.12.2014;;;;;;;;;;
50530;FONDATION ROMANDE CARDIOLOGIE;14621;FIDUCIAIRE SAUGY;ENT;G;01.01.2015;;;;;;;;;;;
50605;TWELVE CLUB;18711;CRF FIDUCIAIRE CONSEILS;ENT;G;30.07.2007;31.12.2014;;;;;;;;;;-
50782;ICAROTEL;13046;REVISIANA FIDUCIAIRE;ENT;G;29.08.2007;31.12.2014;;;;;;;;;;-
50973;PASSION DIFFUSION;68865;FREE FIDUCIAIRE & FAMILY;ENT;G;01.01.2014;11.03.2016;;;;;;;;;;
51128;GCT DISTRIBUTION;2235;FIDEXPERT LAUSANNE;ENT;G;01.01.2014;31.12.2015;;;;021 310'73'73;;;;;;
51339;ALTEN SWITZERLAND;13;FIDUCONSULT LAUSANNE;ENT;G;01.01.2013;31.12.2015;;;;;;;;;;
51472;X SUMMIT;59286;JC FIDUCIAIRE;ENT;G;01.01.2012;31.12.2014;;;;;;;;;;
51487;AQUAMED LAUSANNE;9270;FIDEXPERT;ENT;G;01.01.2014;31.12.2014;;;;;;;;;;
51487;AQUAMED LAUSANNE;2235;FIDEXPERT LAUSANNE;ENT;G;01.01.2015;;;;;;;;;;;
51566;SEBI;16839;NOFIVAL;ETA;G;01.01.2014;31.12.2014;;;;;;;;;;
51640;MYGOODNESS HOLDING SUISSE;47004;VAGO & URECH;ENT;G;22.12.2007;26.05.2016;;;;;;;;;;
51865;ENVENT;9859;ROGER BENOIT FIDUCIAIRE;ETA;G;01.01.2015;;;;;;;;;;;
51928;3J CONSEIL;28168;FIDUCIAIRE PPC;ENT;G;01.01.2015;;;;;;;;;;;
51980;IPP PRODUCTIONS;49198;LEMAN CABINET FISCAL;ENT;G;01.01.2012;31.12.2014;;;;021 721'10'00;;;;;;
52180;VEOVOX;48034;FIDULEM SA;ENT;G;01.01.2015;;;;;;;;;;;
52400;PHILANTHROPIA;73765;LO PATRIMONIA;ENT;G;01.01.2016;;;;;;;;;;;
52469;LILA MANAGEMENT SERVICES;12620;FRI REVISION & INFORMATIQUE;ENT;G;01.01.2009;31.12.2014;;;;021 886'22'86;;;;;;
52508;PI BRANDS CONSULTING;20230;COFIREV BUREAU FIDUCIAIRE;ENT;G;01.01.2009;31.12.2014;;;;021 809'42'27;;;;;;
52603;BAGPAIN;11937;CREBOFIN;ENT;G;01.05.2008;31.12.2014;;;;;;;;-;-;-
52711;FASHION TRENDS;1671;FIDUCIAIRE COMMERCE INDUSTRIE;ENT;G;01.08.2008;31.12.2014;;;;;;;;;;
52734;BROKERS ASSOCIATES;49984;MAXECO;ENT;G;01.01.2015;;;;;;;;;;;
52854;PROLAIT FEDERATION LAITIERE;27156;FIPROM;ENT;G;01.01.2014;31.12.2014;;;;;;;;;;
52881;GREENGT;70097;JFFIDUCIAIRE LAUSANNE;ENT;G;01.01.2015;;;;;;;;;;;
52954;GLAMROCK AGENCY;65341;FICOPS;ENT;G;01.01.2015;;;;;;;;;;;
53103;MATEBAT;47;FIDUCIAIRE DUFAUX & MURY;ENT;G;01.01.2015;;;;;;;;;;;
53381;ITBD;39027;ACYGEST;ENT;G;01.01.2011;16.06.2015;;;;021 903'52'52;;;;;;
53382;METALARTCONCEPT;19228;FIDUCIAIRE FIDAG;ETA;G;01.01.2015;;;;;;;;;;;
53405;ENTITE RELIGIEUSE AUBONNE;18172;ASSISTANCE BUSINESS ORGANISA;ETA;G;18.09.2008;;;;;;;;;;;
53407;PHILIPPSON FONDATION;73765;LO PATRIMONIA;ENT;G;01.01.2016;;;;;;;;;;;
53806;ARETHUSE;73013;ARGECIL;ENT;G;01.01.2014;31.12.2014;;;;;;;;;;
53956;PLASCONSULT;8854;INFOCOMPTA GUY CHEVALLEY;ETA;G;01.01.2013;31.12.2014;;;;;;;;;;
54016;LOEBARI;28168;FIDUCIAIRE PPC;ENT;G;01.01.2015;;;;;;;;;;;
54051;DISERENS ELECTRICITE;18025;FIDUCIAIRE BALLY OLIVIER;ETA;G;01.01.2015;;;;;;;;;;;
54140;ELECTROTOP;62232;FID CONSULTING;ENT;G;01.01.2014;31.12.2014;;;;024 425'61'00;;;;;;
54140;ELECTROTOP;754691;Ari Saadi;IND;G;01.01.2015;;;;;;;;;;;
54177;PARABI;2906;FIDUCIAIRE GERANCE RIDOUX;ENT;G;01.01.2015;;;;;;;;;;;
54197;NICOLET ENGINEERING;31590;FIDUCIAIRE FIDINTER;ENT;G;01.01.2015;;;;;;;;;;;
54233;ODORS;46901;OFFICE CONSULTANT FIDUCIAIRE;ENT;G;01.01.2015;;;;;;;;;;;
54329;IMMAF;14790;MAZARS LAUSANNE;ETA;G;01.01.2015;;;;;;;;;;;
54431;TEAM SERVICE;41953;FIDUCIAIRE PAUX;ENT;G;01.01.2015;;;;;;;;;;;
54588;IDP IMMOBOIS;11956;DUBEY GESTION;ENT;G;01.01.2011;15.04.2016;;;;026 663'91'71;;;;;;
55050;JME ARCHITECTURE;9270;FIDEXPERT;ENT;G;01.01.2009;31.12.2014;;;;021 989'82'70;;;;;;
55114;IMAGO TORI;64829;PRATEO;ENT;G;01.01.2013;31.12.2014;;;;;;;;;;
55188;COCOALINK;8919;FIDUCIOR;ENT;G;01.01.2010;31.12.2014;;;;;;;;;;
55318;LAVAUX VINORAMA;62234;JEAN CHRISTOPHE GROSS;ENT;G;01.01.2015;;;;;;;;;;;
55335;INTERHYVE TECHNOLOGIES;30432;COMSERVICE;ENT;G;01.01.2010;31.12.2014;;;;022 320'11'10;022 320'11'71;;;;;
55592;CIRIZA J DENTAL;73074;LOYCO;ENT;G;01.01.2016;;;;;;;;;;;
55621;LABSEED;34489;VEG CONSULTING;ENT;G;01.01.2015;;;;;;;;;;;
55739;FAR NIENTE;24267;FIDUFACILE;ETA;G;01.01.2014;31.12.2014;;;;;;;;;;
55811;FUND CHANNEL SUISSE;14417;BDO;ENT;G;01.01.2015;01.01.2015;;;;;;;;;;
55811;FUND CHANNEL SUISSE;6766;BDO GENEVE;ETA;G;02.01.2016;;;;;;;;;;;
55831;SWISS TRANSFERS;44932;KBT TREUHAND;ENT;G;01.01.2016;;;;;;;;;;;
55865;EDWARDS LIFESCIENCES IPRM;6764;PRICEWATERHOUSECOOPERS PULLY;ETA;G;01.01.2015;;;;;;;;;;;
56135;AXIO NET;6506;FIDUCIAIRE STRAHM MICHEL;ENT;G;30.10.2009;31.12.2015;;Martin;C.;021 331'10'04;;;;;;
56906;VAUDOIS BRASSERIE RESTAURANT;825;FIDURBA;ENT;G;01.01.2014;31.12.2014;;;;;;;;;;
56906;VAUDOIS BRASSERIE RESTAURANT;12313;HTR CONSULTING FIDUCIAIRE;ETA;G;01.01.2015;;;;;;;;;;;
57008;SWISS AUDIO DESIGN;17481;BDO EPALINGES;ETA;G;01.01.2015;;;;;;;;;;;
57243;WEGBN;49198;LEMAN CABINET FISCAL;ENT;G;01.01.2015;;;;;;;;;;;
57350;RIVIERA MOBILE;11258;FIDEURO;ENT;G;01.01.2014;31.12.2014;;;;021 311'50'00;;;;;;
57410;CHOCAPA;16839;NOFIVAL;ETA;G;01.01.2014;31.12.2014;;;;;;;;;;
57431;AUREVA HOLDING;42349;MICHEL PREUX ASSOCIES;ENT;G;01.01.2015;;;;;;;;;;;
57735;CHUARD MOTOS CRISSIER;31183;CF COMPAGNIE FIDUCIAIRE GESTIO;ENT;G;01.01.2013;31.12.2014;;;;022 705'15'15;;;;;;
57752;IMMO PERFORMANCE;28168;FIDUCIAIRE PPC;ENT;G;01.01.2015;;;;;;;;;;;
57792;MENUISERIE MEA;44370;FIDUCIA PARTNER;ENT;G;01.01.2014;31.12.2014;;;;;;;;;;
57792;MENUISERIE MEA;24412;FIDUCIA PARTNER;ETA;G;01.01.2015;;;;;;;;;;;
57867;LUZ BAR;56989;FIDIMMOB;ENT;G;01.01.2015;;;;;;;;;;;
57925;GESTPUB;44370;FIDUCIA PARTNER;ENT;G;16.07.2010;31.12.2014;;;;;;;;;;
57925;GESTPUB;24412;FIDUCIA PARTNER;ETA;G;01.01.2015;;;;;;;;;;;
58040;SOUNDCHIP;72689;DYN;ENT;G;01.01.2015;;;;;;;;;;;
58142;QUANTIS INTERNATIONAL;73074;LOYCO;ENT;G;01.01.2015;;;;;;;;;;;
58218;ABC BON CONSEIL;22339;MICHELINA DELLA VECCHIA;ETA;G;01.01.2015;;;;;;;;;;;
58322;MSIGHTS EUROPE;15185;BAKER TILLY SPIESS;ENT;G;01.01.2015;;;;;;;;;;;
58632;PERFECT CONCEPT MARKETING;23;HERVEST FIDUCIAIRE;ENT;G;01.01.2015;;;;;;;;;;;
58908;A CARRE ARCHITECTURE;16839;NOFIVAL;ETA;G;01.01.2014;31.12.2014;;;;027 327'30'30;;;;;;
58978;FONDATION ERMITAGES;1100;LOCASSER;ENT;G;01.01.2015;31.12.2015;;;;;;;;;;
59344;INTERNATIONALE SAMBO FIAS;67436;MARCUARD HERITAGE;ENT;G;01.01.2014;31.12.2014;;;;043 444'81'81;;;;;;
59457;DCG PEINTURE;69225;LM FIDUCIAIRE;ENT;G;01.09.2014;31.12.2014;;;;;;;;;;
59575;REALITIM SOCIETE COMMANDITE;57803;FIDINTER FISCALITE;ENT;G;01.01.2013;31.12.2014;;;;;;;;;;
59575;REALITIM SOCIETE COMMANDITE;51061;FISCAPLAN;ENT;G;01.01.2015;;;;;;;;;;;
59821;CIMMECO;13993;FIDEXPERT COTE;ENT;G;01.01.2015;;;;;;;;;;;
59841;COLSCOM;19963;MA FIDUCIA;ENT;G;01.01.2013;31.12.2014;;;;;;;;;;
59928;TRANSAXIA SWITZERLAND;11753;BFB FIDUCIAIRE;ENT;G;01.01.2014;;;;;;;;;;;
59951;QERIMAJ;39833;SGF STE GENERALE FIDUCIAIRE;ENT;G;01.01.2015;;;;;;;;;;;
60045;BLUE MONSTER GOLF DISTRIBUTION;15196;MT METZGER TREUHAND;ENT;G;01.01.2014;31.12.2014;;;;;;;;;;
60078;ASSOCIATION ADOS PRO;383960;Elisabeth Holm;IND;G;01.01.2014;31.12.2015;;;;;;;;;;
60150;AS PROMOTIONS;58004;DRYS FIDUCIAIRE;ENT;G;01.01.2015;;;;;;;;;;;
60324;PGK;3162;PREVISIA;ETA;G;01.01.2013;31.12.2014;;;;;;;;;;
60379;CANOPEE IMMOBILIER;13;FIDUCONSULT LAUSANNE;ENT;G;01.01.2012;31.12.2014;;;;021 613'11'44;;;;;;
60379;CANOPEE IMMOBILIER;20665;GROUPE FIDEXPERT;ETA;G;01.01.2015;;;;;;;;;;;
60429;IWEDIA;45972;PETER LEUTHOLD BERATUNG;ENT;G;01.01.2012;31.12.2014;;;;;;;;;;
60429;IWEDIA;28602;INTERCONSULTA REVISIONS TREUHA;ENT;G;01.01.2015;;;;;;;;;;;
60439;EDEN IMMOBILIER;16401;BFB FIDAM REVISION;ENT;G;01.01.2015;;;;;;;;;;;
60441;HOME MEDIA CONCEPT;47926;FGS FIDUCIAIRE SICURANZA;ENT;G;01.01.2011;31.12.2014;;;;022 364'76'00;;;;;;
60501;SWISS LED GROUP;28127;FIDASSIST;ENT;G;28.06.2011;31.12.2014;;;;;;;;;;
60517;JO2 MEDECINE DENTAIRE;1939;AUDICT FIDUCIAIRE;ENT;G;01.01.2015;;;;;;;;;;;
60566;PVH TRADING;41953;FIDUCIAIRE PAUX;ENT;G;01.01.2015;;;;;;;;;;;
60569;SG CONSULT;8;FIDUCIAIRE SOFIDOR;ENT;G;01.01.2015;;;;;;;;;;;
60596;HEDENA;51061;FISCAPLAN;ENT;G;01.01.2012;31.12.2015;;;;024 425'30'51;;;;;;
60649;RESIDENCE PLEIN SUD BEGNINS;1100;LOCASSER;ENT;G;01.01.2015;;;;;;;;;;;
60688;BLANCHISSERIE EPINETTES ACACIA;51061;FISCAPLAN;ENT;G;01.01.2012;31.12.2015;;;;024 425'30'51;;;;;;
60774;SWISSO CLOCK NETWORK;54005;SYNERGIE FIDUCIAIRE SERVICES;ENT;G;01.01.2014;31.12.2014;;;;;;;;;;
60892;MATRATZEN DIRECT;26260;SEFID REVISION;ENT;G;01.01.2014;31.12.2014;;;;;;;;;;
60916;EDITIONS LAVAUX ORON;2083;FIDUROLLE;ENT;G;01.01.2015;;;;;;;;;;;
61065;TRIBOULES PRODUCTION;18681;FIDUCIAIRE ENDERLI;ETA;G;08.09.2011;31.12.2014;;;;021 694'30'00;;;;;;
61065;TRIBOULES PRODUCTION;21500;FIDUCIAIRE MULLER CHRISTE;ETA;G;01.01.2015;;;;;;;;;;;
61133;QUALINSIGHT;2091;FICOGERE FIDUCIAIRE CONSEILS;ENT;G;01.01.2013;31.12.2014;;;;021 903'07'07;;;;;;
61418;CENTERSOFT;49954;RIVIERA GESTION;ENT;G;19.10.2011;31.12.2014;;;;;;;;;;
61418;CENTERSOFT;18711;CRF FIDUCIAIRE CONSEILS;ENT;G;01.01.2015;;;;;;;;;;;
61511;ICEBERG COMPANY;19629;FIDUCIAIRE C ERARD;ETA;G;01.01.2011;31.12.2014;;;;;;;;;;
61556;CABANE BLANCHE;44475;ADK SERVICES;ENT;G;01.01.2014;31.12.2014;;;;;;;;;;
61783;FACCHINETTI AUTOMOBILES;51061;FISCAPLAN;ENT;G;01.01.2012;31.12.2014;;;;;;;;;;
61783;FACCHINETTI AUTOMOBILES;14841;MULLER CHRISTE ASSOCIES;ENT;G;01.01.2015;;;;;;;;;;;
61820;EQUUS INTERNATIONAL;1821;OFISA;ENT;G;01.01.2014;31.12.2014;;;;;;;;;;
61889;SOLARIS PARADISE MONTREUX;62234;JEAN CHRISTOPHE GROSS;ENT;G;01.01.2015;;;;;;;;;;;
61899;COME ON FITNESS;12139;SWMH FIDUCIAIRE CONSEILS;ETA;G;01.01.2014;31.12.2014;;;;;;;;;;
61899;COME ON FITNESS;19328;CHRISTIAN ROCHAT;ETA;G;01.01.2015;;;;;;;;;;;
61915;AUDIO TECHNOLOGY SWITZERLAND;31590;FIDUCIAIRE FIDINTER;ENT;G;01.01.2015;;;;;;;;;;;
61920;FERNANDES & FILS;52946;FIDAC CONSEILS;ENT;G;01.01.2015;;;;;;;;;;;
61932;VALNATURA;58490;DOROTHEE STUCKI FIDUCIAIRE;ENT;G;01.01.2015;;;;;;;;;;;
62020;FIDUCIAIRE CG MONTREUX;23;HERVEST FIDUCIAIRE;ENT;G;01.10.2010;31.12.2014;;;;021 213'80'00;;;;;;
62447;SOYUZ COMMODITIES;3330;DELOITTE MEYRIN    (ANCIEN);ETA;G;01.01.2013;18.05.2014;;;;;;;;;;
62562;CASAMIA INTERNATIONAL;22404;PYTHON & PETER EVS;ETA;G;29.03.2012;31.12.2014;;;;021 721'04'40;;;;;;
62590;I MONTAGE;32507;FIDUCIAIRE ZURCHER;ENT;G;01.03.2012;13.05.2016;;;;021 701'16'55;;;;;;
62591;DELTA PROJECTS;1323;;ETA;G;22.03.2012;31.12.2014;;;;;;;;;;
62603;PRACTEO HOLDING;2083;FIDUROLLE;ENT;G;01.01.2015;;;;;;;;;;;
62672;SWISS NEWATER GROUP;47272;FIDALLIANCE;ENT;G;01.01.2015;;;;;;;;;;;
62790;LOOKMOVE;37962;LORALIE;ENT;G;01.01.2013;31.12.2014;;;;;;;;;;
62825;PLATEX PLATRERIE PEINTURE;7986;RUTH MORF FIDUCIAIRE;ETA;G;01.01.2013;31.12.2013;;;;;;;;;;
62978;FORCE E;14621;FIDUCIAIRE SAUGY;ENT;G;01.01.2015;;;;;;;;;;;
62979;BUBBLE CAFES SUISSE;4633;GASTROCONSULT PULLY;ETA;G;01.01.2015;;;;;;;;;;;
62981;SEREX CONSTRUCTION PLASTIQUE;20248;PROFIDUCIA CONSEILS;ENT;G;01.01.2013;31.12.2014;;;;;;;;;;
62981;SEREX CONSTRUCTION PLASTIQUE;17452;PROFIDUCIA CONSEILS;ETA;G;01.01.2015;;;;;;;;;;;
63037;M&R CONCHA;38413;FIDUCIAIRE ANTONIADIS;ENT;G;23.05.2012;31.12.2014;;;;021 961'11'46;;;;;;
63047;LDR DEMEURE REALISATIONS;44370;FIDUCIA PARTNER;ENT;G;01.01.2014;31.12.2014;;;;;;;;;;
63047;LDR DEMEURE REALISATIONS;24412;FIDUCIA PARTNER;ETA;G;01.01.2015;;;;;;;;;;;
63101;ALPHA CONCEPT MANAGEMENT;1720;FIDUCIAIRE GILBERT JOUVENAT;ETA;G;01.01.2014;31.12.2014;;;;;;;;;;
63101;ALPHA CONCEPT MANAGEMENT;68865;FREE FIDUCIAIRE & FAMILY;ENT;G;01.01.2015;;;;;;;;;;;
63194;CLARKE QUAY;1671;FIDUCIAIRE COMMERCE INDUSTRIE;ENT;G;01.01.2015;;;;;;;;;;;
63249;CRA INTERNATIONAL;15185;BAKER TILLY SPIESS;ENT;G;22.06.2012;31.12.2014;;;;;;;;;;
63330;PIERRE ANDRE GENIER;40263;PB FIDUCIAIRE;ENT;G;01.01.2012;31.12.2014;;;;024 423'89'89;;;;;;
63343;1 618;14841;MULLER CHRISTE ASSOCIES;ENT;G;01.01.2014;30.06.2015;;;;;;;;;;
63343;1 618;43691;SWORD CONSULTING;ENT;T;26.04.2016;04.10.2016;;;;;;;;CH29 0026 0260 3586 6802 L;;UBS SA
63781;EASYVAP;22893;DAMASIO ROSA;ETA;G;23.08.2012;31.12.2014;;;;;;;;;;
63855;AGROGAZ LIGNEROLLE;17924;GESTIONSERVICES PME DUBI ERNES;ETA;G;01.01.2015;;;;;;;;;;;
63862;DJC IMMOBILIER;15443;SARECO;ETA;G;01.01.2015;;;;;;;;;;;
63945;SONIM SERVICES;1671;FIDUCIAIRE COMMERCE INDUSTRIE;ENT;G;25.09.2012;31.12.2014;;;;;;;;;;
64434;ALAMOS;45872;CV CONSULTING;ENT;G;03.10.2012;31.12.2014;;;;;;;;;;
64434;ALAMOS;22560;CV CONSULTING;ETA;G;01.01.2015;;;;;;;;;;;
64740;AMAGGI;13;FIDUCONSULT LAUSANNE;ENT;G;01.01.2015;;;;;;;;;;;
65022;DEVELOPPEMENT ECHANGE ADEC;30221;SWMH FIDUCIAIRE CONSEILS;ENT;G;26.11.2012;31.12.2014;;;;;;;;;;
65053;DORPHAN;9440;MOORE STEPHENS REFIDAR NYON;ETA;G;01.01.2015;;;;;;;;;;;
65115;SWISS INTELLIGENT ENERGY SIE;30221;SWMH FIDUCIAIRE CONSEILS;ENT;G;26.11.2013;31.12.2014;;;;;;;;;;
65422;CMR ETUDES & REALISATIONS;44772;FIDUGESTION & CONSEILS;ENT;G;01.01.2014;31.12.2014;;;;021 802'00'66;;;;;;
65516;ROMANDIE TECHNICS;63698;FIDUCIAIRE STAEHLI;ENT;G;01.01.2014;31.12.2014;;;;;;;;;;
65556;CUBOYO;39027;ACYGEST;ENT;G;01.07.2016;;;;;;;;;;;
65619;TOP CONTROLE;62232;FID CONSULTING;ENT;G;11.03.2013;31.12.2014;;;;;;;;;;
65619;TOP CONTROLE;754690;Azad Saadi;IND;G;01.01.2015;;;;;;;;;;;
65620;HOFMANN FORGE CONSTRUCTIONS;22413;PEREZ BARBARA;ETA;G;01.01.2015;;;;;;;;;;;
65652;DONIC;2093;OFICO FIDUCIAIRE;ENT;G;01.01.2014;31.12.2014;;;;021 641'60'60;;;;;;
65680;CAP 77;522;FIREL BERNEY;ENT;G;01.01.2015;;;;;;;;;;;
65840;ECOPROHOME;18648;LIMANI COMPTABILITE;ETA;G;01.01.2015;;;;;;;;;;;
66036;EAU POTABLE ROLLE SIDERE;20230;COFIREV BUREAU FIDUCIAIRE;ENT;G;01.01.2015;;;;;;;;;;;
66038;CHAMROC;14621;FIDUCIAIRE SAUGY;ENT;G;01.01.2015;;;;;;;;;;;
66044;GONZASOL;70097;JFFIDUCIAIRE LAUSANNE;ENT;G;01.01.2015;;;;;;;;;;;
66287;SWISS LOUNGE BUSINESS;22318;FIDULIO BUREAU FIDUCIAIRE;ETA;G;01.06.2013;31.12.2014;;;;;;;;;;
66287;SWISS LOUNGE BUSINESS;59931;REGIEPRO;ENT;G;01.01.2015;;;;;;;;;;;
66341;PAIN SUCRE;28127;FIDASSIST;ENT;G;18.06.2013;31.12.2014;;;;021 635'35'23;;;;;;
66341;PAIN SUCRE;62666;BRIAM CAPITAL;ENT;G;01.01.2015;;;;;;;;;;;
66455;ATELIER EMAIL ANITA PORCHET;215;FIDUCIAIRE MICHEL FAVRE;ENT;G;01.01.2015;;;;;;;;;;;
66586;PENSIONSKASSE BURKHALTER GRUPP;14877;WURTH TREUHAND;ENT;G;01.01.2014;31.12.2014;;;;;;;;;;
66863;PLUS SA;71281;LP FIDUCIAIRE;ENT;G;23.08.2013;31.12.2014;;;;;;;;;;
66893;PLATEFORME SANTE HAUT LEMAN;62234;JEAN CHRISTOPHE GROSS;ENT;G;01.01.2013;31.12.2014;;;;021 925'30'50;;;;;;
66976;ONEVISAGE;7563;GOMEZ JUAN FIDUCIAIRE;ETA;G;01.01.2014;31.12.2014;;;;;;;;;;
67061;ALPES S&R;23322;WB TEAM MANAGEMENT;ETA;G;20.09.2013;31.12.2014;;;;;;;;;;
67080;MITRAL VALVE TECHNOLOGIES;6764;PRICEWATERHOUSECOOPERS PULLY;ETA;G;01.01.2015;;;;;;;;;;;
67269;TITANIUM PARTNERS;1659;FIDUCIAIRE J INEICHEN;ENT;G;11.10.2013;31.12.2014;;;;;;;;;;
67271;AQUAMED MONTREUX;39738;GROUPE FIDEXPERT;ENT;G;04.10.2013;31.12.2014;;;;;;;;;;
67271;AQUAMED MONTREUX;2235;FIDEXPERT LAUSANNE;ENT;G;01.01.2015;;;;;;;;;;;
67385;CARS GP;69969;ATGE;ENT;G;01.11.2013;31.12.2014;;;;;;;;;;
67402;SAINT JEAN IMMO;301983;Alan Hughes;IND;G;13.11.2013;31.12.2014;;;;;;;;;;
67636;JACOT & ISABEL BOULANGERIE;1905;FIDUCIAIRE TURRIAN;ENT;G;01.01.2015;31.03.2016;;024 4963171;DC;;;;;;;
67699;DIXONGOLF ECO FRIENDLY;41634;FIDUCIAIRE MULTIGEST;ENT;G;01.01.2015;;;;;;;;;;;
67772;LEYSINTENNIS;46664;FIDUSWISS SOCIETE FIDUCIAIRE;ENT;G;24.12.2013;31.12.2014;;;;;;;;;;
67776;ENGAGE SPORT & ENTERTAINMENT;63698;FIDUCIAIRE STAEHLI;ENT;G;16.12.2013;31.12.2014;;;;021 867'13'13;;;;;;
67776;ENGAGE SPORT & ENTERTAINMENT;61395;DIDEO FIDUCIAIRE;ENT;G;01.01.2015;;;;;;;;;;;
67888;AMOHTEP;18028;GT FIDUCIAIRE TERRIBILINI;ETA;G;24.12.2013;31.12.2014;;;;;;;;;;
67897;I GUSTI;28168;FIDUCIAIRE PPC;ENT;G;01.01.2015;;;;;;;;;;;
67951;FONDATION REINHARD & RAJA;39027;ACYGEST;ENT;G;21.01.2014;;;;;021 903'52'52;;;;;;
68121;NINEPROD;42226;FIDUCIAIRE LOEWENSBERG;ENT;G;01.01.2014;31.12.2014;;;;;;;;;;
68200;NEBULEUSE;37256;FIDUCONSULT FIDYVER;ENT;G;01.01.2014;31.12.2014;;;;;;;;;;
68200;NEBULEUSE;13;FIDUCONSULT LAUSANNE;ENT;G;01.01.2015;;;;;;;;;;;
68401;COMMERCANTS CENTRE COMMERCIAL;66611;COOP GENOSSENSCHAFT;ENT;G;01.01.2010;31.12.2014;;;;;;;;;;
68731;ALTO;67248;FIDUCIAIRE GENERALE SFG;ENT;G;01.01.2015;;;;;;;;;;;
68745;WSI LIVE;44551;FIGEXA;ENT;G;14.04.2014;;3;;;;;;;;;
68878;TAQTEQ;50210;INTEREXPERTS;ENT;G;01.01.2015;;;;;;;;;;;
68900;LEADING PROPERTIES WORLD LPW;1659;FIDUCIAIRE J INEICHEN;ENT;G;01.01.2015;;;;;;;;;;;
68915;KINETA TRUSTED ADVISORS;45872;CV CONSULTING;ENT;G;12.05.2014;;;;;;;;;;;
69013;ARCTIC TERN COMMUNITIES;61;FIDUCIAIRE GOLDENSCHOUE;ENT;G;01.05.2014;31.12.2014;;;;021 652'99'21;;;;;;
69071;SBMH;16252;MOORE STEPHENS REFIDAR;ETA;G;30.05.2014;30.05.2014;;;;;;;;;;
69071;SBMH;15151;LEXARTIS;ETA;G;31.05.2014;;;;;;;;;;;
69081;LIVESYSTEMS HOLDING;3978;BDO GRENCHEN;ETA;G;01.01.2015;;;;;;;;;;;
69143;VINCENZO GRASSO;583;FIDUCIAIRE AVONDO;ENT;G;01.01.2015;;;;;;;;;;;
69165;SL GYPSERIE PEINTURE;23738;FIDUBUTZ;ETA;G;13.06.2014;31.12.2014;;;;;;;;;;
69166;SOULBERRY;22203;FIDIMMOB;ETA;G;12.06.2014;31.12.2014;;;;;;;;;;
69166;SOULBERRY;4633;GASTROCONSULT PULLY;ETA;G;01.01.2015;;;;;;;;;;;
69331;COSTELA CONSTRUCTIONS;16498;FIDUCIAIRE MICHEL VON ARX;ETA;G;01.07.2014;;;;;;;;;;;
69400;CULLYCULLY;16358;ECOFISC;ETA;G;01.07.2014;31.12.2014;;;;;;;;;;
69400;CULLYCULLY;64829;PRATEO;ENT;G;01.01.2015;;;;;;;;;;;
69410;MORPHOTONIX;59286;JC FIDUCIAIRE;ENT;G;01.01.2015;;;;;;;;;;;
69602;MAGE CONSULTING;58017;ILEX FIDUCIAIRE;ENT;G;01.08.2014;;;;;;;;;;;
69603;GARAGE M LINE;28127;FIDASSIST;ENT;G;31.07.2014;;;;;;;;;;;
69656;ELIGERE;1323;;ETA;G;13.08.2014;;;;;;;;;;;
69753;FONDATION RESIDENCES LEMAN;31590;FIDUCIAIRE FIDINTER;ENT;G;07.08.2014;;;;;;;;;;;
69793;CDK MANAGEMENT;63264;CVALUE;ENT;G;01.01.2014;31.12.2014;;;;;;;;;;
69793;CDK MANAGEMENT;41904;JURIFID CONSEILS & SERVICES;ENT;G;01.01.2015;;;;;;;;;;;
69797;COLIBRYS;7652;PRICEWATERHOUSECOOPERS;ETA;G;01.07.2015;;;;;;;;;;;
69963;D COJOUX;33166;MICROGEST;ENT;G;19.09.2014;;;;;;;;;;;
70071;TIPIK GROUP;45872;CV CONSULTING;ENT;G;09.10.2014;;;;;;;;;;;
70161;AQUAMED HOLDING;2235;FIDEXPERT LAUSANNE;ENT;G;22.10.2014;;;;;;;;;;;
70192;SAMUEL CREATIONS;49198;LEMAN CABINET FISCAL;ENT;G;01.01.2015;;;;;;;;;;;
70198;BEQOM SCHWEIZ;192;PROST CONSULTING;ENT;G;01.01.2014;31.12.2014;;;;;;;;;;
70198;BEQOM SCHWEIZ;23;HERVEST FIDUCIAIRE;ENT;G;01.01.2015;;;;;;;;;;;
70205;THE WATCHES NETWORK;2093;OFICO FIDUCIAIRE;ENT;G;29.10.2014;;;;;;;;;;;
70260;FLAMME ENERGIE SUISSE;24272;PILLOUD CHRISTIAN;ETA;G;08.11.2014;;;;;;;;;;;
70261;QUINTE & SENS;7475;FIDUCIAIRE SIMPLON;ENT;G;28.10.2014;;;;;;;;;;;
70276;MECACORBAZ;2093;OFICO FIDUCIAIRE;ENT;G;12.11.2014;;;;;;;;;;;
70320;ACCELERIS;17951;T + R;ENT;G;01.01.2016;;;;;;;;;;;
70477;NOVAMET;12766;FIMISA;ENT;G;03.12.2014;;;;;;;;;;;
70544;B&S NOMOS;2075;FIDUCIAIRE FAVRE & PERREAUD;ENT;G;08.12.2014;;;;;;;;;;;
70649;NICOLIER;69225;LM FIDUCIAIRE;ENT;G;18.12.2014;;;;;;;;;;;
70656;MARGOT & FRIEDRICH BECKE STIFT;49198;LEMAN CABINET FISCAL;ENT;G;01.01.2014;13.05.2015;;;;;;;;;;
70676;FONCIERE PAUDEZE SUD;4676;FIDUCIAIRE TECHNIKOR;ENT;G;18.12.2014;;;;;;;;;;;
70678;VEOVOX FOODSERVICE & RETAIL;48034;FIDULEM SA;ENT;G;19.12.2014;;;;;;;;;;;
70724;PEDIATRIE AIGLE;14790;MAZARS LAUSANNE;ETA;G;24.12.2014;;;;;;;;;;;
70800;ELABOR;64747;CCFG;ENT;G;01.01.2015;;;;;;;;;;;
70852;ATLANTIQUE SUD;19629;FIDUCIAIRE C ERARD;ETA;G;01.01.2015;;;;;;;;;;;
70861;VF GROUP;14448;FIRECO FISCALITE REVISION;ENT;G;01.01.2015;;;;;;;;;;;
70882;SWISS LUXURY COSMETICS;2083;FIDUROLLE;ENT;G;27.10.2014;;;;;;;;;;;
70886;FN IMMO DEVELOPPEMENT;24918;;ETA;G;15.01.2015;;;;;;;;;;;
70888;INEA IT GROUP;45872;CV CONSULTING;ENT;G;01.01.2015;;;;;;;;;;;
70893;CBA SOURCING;45872;CV CONSULTING;ENT;G;01.01.2015;;;;;;;;;;;
71080;ENERGA;58186;SIGMA FINANCE & TRUST;ENT;G;06.02.2015;;;;;;;;;;;
71182;NYROCA;18711;CRF FIDUCIAIRE CONSEILS;ENT;G;19.02.2015;;;;;;;;;;;
71209;SPACE RETAILS;16314;BFB CONSEIL FIDUCIAIRE;ENT;G;26.01.2015;;;;;;;;;;;
71212;INNOVATIVE STREAMS;1101;MY FIDUCIAIRE;ENT;G;25.02.2015;;;;;;;;;;;
71218;LEMATECH;59874;CFD CABINET FIDUCIAIRE DAYER;ENT;G;25.02.2015;;;;;;;;;;;
71373;SWISSMENUISERIE;61559;FIDUCIAIRE FISCACONSEILS;ENT;G;20.03.2015;;;;;;;;;;;
71391;GRANDJEAN EMMANUEL;74282;FIDUCIAIRE MARC MICHAUD;ENT;G;01.01.2015;;;;;;;;;;;
71406;SPEED AUTO PIECES;7475;FIDUCIAIRE SIMPLON;ENT;G;01.04.2015;;;;;;;;;;;
71408;AQUAMED FLON;2235;FIDEXPERT LAUSANNE;ENT;G;19.03.2015;;;;;;;;;;;
71469;PLAISIR CULINAIRE;42121;SAGECO;ENT;G;01.04.2015;;;;;;;;;;;
71703;KNTECH;3217;FIVAL;ENT;G;01.05.2015;;;;;;;;;;;
71828;RENOV LEMAN;51950;FCF CONSULTING;ENT;G;12.05.2015;;;;;;;;;;;
71877;GREG ET CATHY PITTET;73642;FIDUCIAIRE AD;ENT;G;01.01.2015;;;;;;;;;;;
71883;HEALTHCAP VII GP;7062;ERNST & YOUNG LAUSANNE;ETA;G;20.05.2015;;;;;;;;;;;
71929;RESTAURANT PIZZERIA RIVE;5;FIDUCIAIRE MORGIENNE;ENT;G;01.01.2015;;;;;;;;;;;
71970;FEUSI ELECTRICITE;23677;FIDUCIAIRE JOSE GIAVAZZI;ETA;G;01.01.2015;;;;;;;;;;;
72036;UNPRINTED;39738;GROUPE FIDEXPERT;ENT;G;13.06.2015;;;;;;;;;;;
72050;GENIUS TRAINING ACADEMY;61559;FIDUCIAIRE FISCACONSEILS;ENT;G;16.06.2015;;;;;;;;;;;
72121;ATELIERS COLONEL;25781;ACF AUDIT CONSEIL FIDUCIAIRE;ENT;G;25.06.2015;;;;;;;;;;;
72148;LGR PACKAGING SUISSE;16673;BERNEY & ASSOCIES FIDUCIAIRE;ENT;G;26.06.2015;;;;;;;;;;;
72184;NOUVELLE ECOLE DANSE MORGES;41953;FIDUCIAIRE PAUX;ENT;G;01.01.2015;;;;;;;;;;;
72300;LABORATOIRE DENTAIRE;35989;FIDUCIAIRE CONTAGEST;ENT;G;01.01.2015;;;;;;;;;;;
72307;WAYZ;28127;FIDASSIST;ENT;G;20.07.2015;;;;;;;;;;;
72435;PHARMACIE MARCHE AUBONNE;522;FIREL BERNEY;ENT;G;19.08.2015;;;;;;;;;;;
72560;OZER;1939;AUDICT FIDUCIAIRE;ENT;G;01.01.2015;;;;;;;;;;;
72594;REVOLTRA;54;MULTIFIDUCIAIRE LEMAN;ENT;G;03.09.2015;;;;;;;;;;;
72658;CERCLE HIPPIQUE PIED JURA;28284;MAURICE H RAPIT CONSEIL FID;ENT;G;01.01.2015;;;;;;;;;;;
72733;RCLIN;45392;ANTHILL;ENT;G;01.01.2015;;;;;;;;;;;
72987;HEIMELIG CONSULTING;1939;AUDICT FIDUCIAIRE;ENT;G;01.01.2015;;;;;;;;;;;
73094;CAMERATA LAUSANNE;36487;SETELCO FIDUCIAIRE & GESTION;ENT;G;01.01.2014;31.12.2014;;;;;;;;;;
73096;SHANKAI SPORTS;18711;CRF FIDUCIAIRE CONSEILS;ENT;G;01.01.2015;;;;;;;;;;;
73337;MF FLEETMANAGEMENT;57348;EMIL FREY;ENT;G;01.01.2015;;;;;;;;;;;
73391;MESSIEURS CH;12620;FRI REVISION & INFORMATIQUE;ENT;G;01.07.2015;;;;;;;;;;;
74188;ENTRAIDE FAMILIALE YVERDONNOIS;2071;FIDACEB FIDUCIAIRE;ENT;G;01.01.2014;;;;;;;;;;;
74643;ARIADNE EUROPEAN KNOWLEDGE POO;2063;BETTEX FRERES & PARTENAIRES;ENT;G;01.01.2014;;;;;;;;;;;
74783;THE PROACTIV COMPAGNY;21406;FIDUTRUST GESTION & CONSEILS;ENT;G;03.05.2016;;;;;;;;;;;
